campaign_id,week_start_date,social_post_impression,landing_page_visits,lead_form_submission,campaign_crop,campaign_product,visit_rate,lead_rate
CMP_RABI25_001,2025-10-06,29663,665,47,wheat,Topik 15 WP,0.022418501163065097,0.07067669172932331
CMP_RABI25_001,2025-10-13,14618,279,14,wheat,Topik 15 WP,0.01908605828430702,0.05017921146953405
CMP_RABI25_001,2025-10-20,36445,753,36,wheat,Topik 15 WP,0.0206612704074633,0.04780876494023904
CMP_RABI25_001,2025-10-27,32487,478,42,wheat,Topik 15 WP,0.014713577738787823,0.08786610878661087
CMP_RABI25_001,2025-11-03,18904,371,14,wheat,Topik 15 WP,0.019625476089716463,0.03773584905660377
CMP_RABI25_001,2025-11-10,57581,1224,49,wheat,Topik 15 WP,0.021257011861551555,0.04003267973856209
CMP_RABI25_001,2025-11-17,40993,566,43,wheat,Topik 15 WP,0.013807235381650526,0.07597173144876325
CMP_RABI25_001,2025-11-24,42830,1113,87,wheat,Topik 15 WP,0.025986458090123746,0.07816711590296496
CMP_RABI25_001,2025-12-01,65740,1510,109,wheat,Topik 15 WP,0.022969272893215698,0.07218543046357616
CMP_RABI25_001,2025-12-08,53372,1360,82,wheat,Topik 15 WP,0.02548152589372705,0.060294117647058824
CMP_RABI25_001,2025-12-15,44092,1208,56,wheat,Topik 15 WP,0.0273972602739726,0.046357615894039736
CMP_RABI25_001,2025-12-22,27134,734,32,wheat,Topik 15 WP,0.027050932409523106,0.043596730245231606
CMP_RABI25_001,2025-12-29,36549,487,26,wheat,Topik 15 WP,0.01332457796382938,0.053388090349075976
CMP_RABI25_001,2026-01-05,52930,705,36,wheat,Topik 15 WP,0.013319478556584169,0.05106382978723404
CMP_RABI25_001,2026-01-12,51648,800,70,wheat,Topik 15 WP,0.015489467162329617,0.0875
CMP_RABI25_001,2026-01-19,14667,315,28,wheat,Topik 15 WP,0.0214767846185314,0.08888888888888889
CMP_RABI25_001,2026-01-26,33061,791,32,wheat,Topik 15 WP,0.023925471098877833,0.040455120101137804
CMP_RABI25_001,2026-02-02,24180,261,22,wheat,Topik 15 WP,0.010794044665012407,0.0842911877394636
CMP_RABI25_001,2026-02-09,76445,1221,97,wheat,Topik 15 WP,0.015972267643403756,0.07944307944307945
CMP_RABI25_001,2026-02-16,61298,924,51,wheat,Topik 15 WP,0.015073901269209437,0.05519480519480519
CMP_RABI25_001,2026-02-23,48950,1298,84,wheat,Topik 15 WP,0.02651685393258427,0.06471494607087827
CMP_RABI25_001,2026-03-02,26447,292,24,wheat,Topik 15 WP,0.011040949824176655,0.0821917808219178
CMP_RABI25_001,2026-03-09,27952,532,31,wheat,Topik 15 WP,0.019032627361190612,0.05827067669172932
CMP_RABI25_001,2026-03-16,20343,262,20,wheat,Topik 15 WP,0.012879123039866294,0.07633587786259542
CMP_RABI25_001,2026-03-23,35421,465,25,wheat,Topik 15 WP,0.013127805539086983,0.053763440860215055
CMP_RABI25_001,2026-03-30,37536,464,44,wheat,Topik 15 WP,0.0123614663256607,0.09482758620689655
CMP_RABI25_002,2025-10-06,24061,254,23,mustard,Score 250 EC,0.010556502223515233,0.09055118110236221
CMP_RABI25_002,2025-10-13,55185,814,55,mustard,Score 250 EC,0.01475038506840627,0.06756756756756757
CMP_RABI25_002,2025-10-20,43135,940,48,mustard,Score 250 EC,0.021792048220702447,0.05106382978723404
CMP_RABI25_002,2025-10-27,19482,375,28,mustard,Score 250 EC,0.01924853711117955,0.07466666666666667
CMP_RABI25_002,2025-11-03,55962,992,71,mustard,Score 250 EC,0.017726314284693186,0.0715725806451613
CMP_RABI25_002,2025-11-10,12612,221,14,mustard,Score 250 EC,0.017522993973993022,0.06334841628959276
CMP_RABI25_002,2025-11-17,31443,828,56,mustard,Score 250 EC,0.026333365136914418,0.06763285024154589
CMP_RABI25_002,2025-11-24,48566,1266,112,mustard,Score 250 EC,0.026067619322159535,0.08846761453396525
CMP_RABI25_002,2025-12-01,28132,574,53,mustard,Score 250 EC,0.02040381060713778,0.09233449477351917
CMP_RABI25_002,2025-12-08,49576,1291,91,mustard,Score 250 EC,0.026040826206228822,0.0704879938032533
CMP_RABI25_002,2025-12-15,27707,449,24,mustard,Score 250 EC,0.01620529108167611,0.053452115812917596
CMP_RABI25_002,2025-12-22,39325,505,25,mustard,Score 250 EC,0.01284170375079466,0.04950495049504951
CMP_RABI25_002,2025-12-29,40812,1076,49,mustard,Score 250 EC,0.026364794668234832,0.04553903345724907
CMP_RABI25_002,2026-01-05,31841,715,67,mustard,Score 250 EC,0.022455324895574887,0.0937062937062937
CMP_RABI25_002,2026-01-12,24966,607,51,mustard,Score 250 EC,0.024313065769446446,0.08401976935749589
CMP_RABI25_002,2026-01-19,36313,572,36,mustard,Score 250 EC,0.015751934568887176,0.06293706293706294
CMP_RABI25_002,2026-01-26,49042,883,78,mustard,Score 250 EC,0.018004975327270502,0.08833522083805209
CMP_RABI25_002,2026-02-02,59005,801,69,mustard,Score 250 EC,0.013575120752478603,0.08614232209737828
CMP_RABI25_002,2026-02-09,34628,620,24,mustard,Score 250 EC,0.017904585884255517,0.03870967741935484
CMP_RABI25_002,2026-02-16,13345,185,10,mustard,Score 250 EC,0.013862869988759834,0.05405405405405406
CMP_RABI25_002,2026-02-23,33736,436,24,mustard,Score 250 EC,0.012923879535214608,0.05504587155963303
CMP_RABI25_002,2026-03-02,59159,816,77,mustard,Score 250 EC,0.01379333660136243,0.09436274509803921
CMP_RABI25_002,2026-03-09,54915,1389,63,mustard,Score 250 EC,0.02529363561868342,0.04535637149028078
CMP_RABI25_002,2026-03-16,42372,785,30,mustard,Score 250 EC,0.018526385348815254,0.03821656050955414
CMP_RABI25_002,2026-03-23,50531,806,42,mustard,Score 250 EC,0.01595060457936712,0.052109181141439205
CMP_RABI25_002,2026-03-30,15778,316,15,mustard,Score 250 EC,0.020027886931169983,0.04746835443037975
CMP_RABI25_003,2025-10-06,31949,446,27,chickpea,Actara 25 WG,0.013959748348931109,0.06053811659192825
CMP_RABI25_003,2025-10-13,37194,398,37,chickpea,Actara 25 WG,0.01070065064257676,0.09296482412060302
CMP_RABI25_003,2025-10-20,43886,749,47,chickpea,Actara 25 WG,0.017066946178735814,0.06275033377837116
CMP_RABI25_003,2025-10-27,20043,263,10,chickpea,Actara 25 WG,0.013121788155465748,0.03802281368821293
CMP_RABI25_003,2025-11-03,46797,1009,57,chickpea,Actara 25 WG,0.021561211188751414,0.05649157581764123
CMP_RABI25_003,2025-11-10,49083,1207,78,chickpea,Actara 25 WG,0.0245909989201964,0.06462303231151616
CMP_RABI25_003,2025-11-17,47056,1129,87,chickpea,Actara 25 WG,0.02399268956137368,0.07705934455270151
CMP_RABI25_003,2025-11-24,61761,1466,111,chickpea,Actara 25 WG,0.023736662294975792,0.07571623465211459
CMP_RABI25_003,2025-12-01,18540,463,18,chickpea,Actara 25 WG,0.024973031283710895,0.038876889848812095
CMP_RABI25_003,2025-12-08,14613,256,15,chickpea,Actara 25 WG,0.01751864777937453,0.05859375
CMP_RABI25_003,2025-12-15,45308,982,42,chickpea,Actara 25 WG,0.021673876578087756,0.04276985743380855
CMP_RABI25_003,2025-12-22,41881,1131,79,chickpea,Actara 25 WG,0.02700508583844703,0.06984969053934571
CMP_RABI25_003,2025-12-29,45120,593,32,chickpea,Actara 25 WG,0.0131427304964539,0.05396290050590219
CMP_RABI25_003,2026-01-05,63232,833,67,chickpea,Actara 25 WG,0.01317370951417004,0.08043217286914765
CMP_RABI25_003,2026-01-12,52066,890,62,chickpea,Actara 25 WG,0.01709368877962586,0.0696629213483146
CMP_RABI25_003,2026-01-19,52204,1324,102,chickpea,Actara 25 WG,0.025362041222894798,0.0770392749244713
CMP_RABI25_003,2026-01-26,34375,380,25,chickpea,Actara 25 WG,0.011054545454545454,0.06578947368421052
CMP_RABI25_003,2026-02-02,45200,960,88,chickpea,Actara 25 WG,0.021238938053097345,0.09166666666666666
CMP_RABI25_003,2026-02-09,71054,1477,64,chickpea,Actara 25 WG,0.02078700706504912,0.043331076506431955
CMP_RABI25_003,2026-02-16,16595,214,11,chickpea,Actara 25 WG,0.012895450436878578,0.0514018691588785
CMP_RABI25_003,2026-02-23,31186,634,40,chickpea,Actara 25 WG,0.020329635092669787,0.06309148264984227
CMP_RABI25_003,2026-03-02,43203,432,20,chickpea,Actara 25 WG,0.009999305603777516,0.046296296296296294
CMP_RABI25_003,2026-03-09,33514,839,58,chickpea,Actara 25 WG,0.025034314018022318,0.06912991656734208
CMP_RABI25_003,2026-03-16,25619,698,57,chickpea,Actara 25 WG,0.027245403801865804,0.08166189111747851
CMP_RABI25_003,2026-03-23,16374,271,10,chickpea,Actara 25 WG,0.016550629046048614,0.03690036900369004
CMP_RABI25_003,2026-03-30,18148,276,16,chickpea,Actara 25 WG,0.01520828741459114,0.057971014492753624
CMP_RABI25_004,2025-10-06,47714,1124,93,potato,Kavach 75 WP,0.023557027287588548,0.08274021352313167
CMP_RABI25_004,2025-10-13,39862,536,25,potato,Kavach 75 WP,0.013446390045657518,0.04664179104477612
CMP_RABI25_004,2025-10-20,24231,325,16,potato,Kavach 75 WP,0.01341257067393009,0.04923076923076923
CMP_RABI25_004,2025-10-27,30073,450,38,potato,Kavach 75 WP,0.014963588601070728,0.08444444444444445
CMP_RABI25_004,2025-11-03,22012,506,36,potato,Kavach 75 WP,0.022987461384699256,0.07114624505928854
CMP_RABI25_004,2025-11-10,11386,198,10,potato,Kavach 75 WP,0.017389776919023364,0.050505050505050504
CMP_RABI25_004,2025-11-17,33634,912,68,potato,Kavach 75 WP,0.02711541892132961,0.07456140350877193
CMP_RABI25_004,2025-11-24,17189,303,26,potato,Kavach 75 WP,0.017627552504508696,0.0858085808580858
CMP_RABI25_004,2025-12-01,32958,480,27,potato,Kavach 75 WP,0.014563990533406153,0.05625
CMP_RABI25_004,2025-12-08,45411,608,37,potato,Kavach 75 WP,0.01338882649578296,0.06085526315789474
CMP_RABI25_004,2025-12-15,20507,360,31,potato,Kavach 75 WP,0.017554981225922854,0.08611111111111111
CMP_RABI25_004,2025-12-22,29986,464,31,potato,Kavach 75 WP,0.015473887814313346,0.0668103448275862
CMP_RABI25_004,2025-12-29,52065,1456,130,potato,Kavach 75 WP,0.027965043695380776,0.08928571428571429
CMP_RABI25_004,2026-01-05,30315,599,28,potato,Kavach 75 WP,0.019759195117928417,0.04674457429048414
CMP_RABI25_004,2026-01-12,34221,683,49,potato,Kavach 75 WP,0.01995850501154262,0.07174231332357248
CMP_RABI25_004,2026-01-19,18431,457,31,potato,Kavach 75 WP,0.02479518203027508,0.06783369803063458
CMP_RABI25_004,2026-01-26,42136,598,48,potato,Kavach 75 WP,0.014192139737991267,0.0802675585284281
CMP_RABI25_004,2026-02-02,35732,505,42,potato,Kavach 75 WP,0.014132990036941677,0.08316831683168317
CMP_RABI25_004,2026-02-09,56247,1071,99,potato,Kavach 75 WP,0.019041015520827778,0.09243697478991597
CMP_RABI25_004,2026-02-16,44913,993,81,potato,Kavach 75 WP,0.022109411528955982,0.08157099697885196
CMP_RABI25_004,2026-02-23,39322,1080,100,potato,Kavach 75 WP,0.02746554091856976,0.09259259259259259
CMP_RABI25_004,2026-03-02,24949,669,29,potato,Kavach 75 WP,0.02681470199206381,0.043348281016442454
CMP_RABI25_004,2026-03-09,22505,424,24,potato,Kavach 75 WP,0.018840257720506553,0.05660377358490566
CMP_RABI25_004,2026-03-16,43258,1082,54,potato,Kavach 75 WP,0.025012714411207174,0.04990757855822551
CMP_RABI25_004,2026-03-23,48313,936,47,potato,Kavach 75 WP,0.019373667542897356,0.050213675213675216
CMP_RABI25_004,2026-03-30,18365,246,19,potato,Kavach 75 WP,0.013395044922406752,0.07723577235772358
